siteid,sitename,plotid,easting,northing,taxonid,scientific,indviduali,pointid,individual,individu_1,dbh,dbhheight,basalcanop,basalcan_1,maxcanopyd,canopydiam,stemheight,stemremark,stemstatus,canopyform,livingcano,inplotcano,materialsa,dbhqf,stemmapqf
SJER,San Joaquin,SJER128,257085.700000000011642,4111381.500000000000000,PISA2,Pinus sabiniana,"1485",center,9.699999999999999,135.599999999999994,67.400000000000006,130.000000000000000,"0",0.000000000000000,15.100000000000000,12.400000000000000,18.199999999999999,,,,"100","100",,"0","0"
SJER,San Joaquin,SJER2796,256047.700000000011642,4111548.500000000000000,ARVI4,Arctostaphylos viscida,"1622",NE,5.800000000000000,31.399999999999999,,130.000000000000000,"43",31.000000000000000,5.700000000000000,4.800000000000000,3.300000000000000,3 stems,,Hemisphere,"70","100",f095,"0","0"
SJER,San Joaquin,SJER112,257421.399999999994179,4111308.200000000186265,ARVI4,Arctostaphylos viscida,"1511",center,17.199999999999999,57.100000000000001,,130.000000000000000,"22",12.000000000000000,2.500000000000000,2.100000000000000,2.100000000000000,6 stems,,Sphere,"70","100",f035,"0","0"
SJER,San Joaquin,SJER112,257406.200000000011642,4111284.000000000000000,ARVI4,Arctostaphylos viscida,"1507",center,15.100000000000000,183.000000000000000,,130.000000000000000,"105",43.000000000000000,8.500000000000000,6.100000000000000,3.100000000000000,"3 stems; old growth",,Hemisphere,"85","100",f034,"0","0"
SJER,San Joaquin,SJER2796,256052.000000000000000,4111530.000000000000000,ARVI4,Arctostaphylos viscida,"1620",SE,10.500000000000000,52.600000000000001,18.600000000000001,1.000000000000000,"0",0.000000000000000,6.500000000000000,5.200000000000000,3.800000000000000,,,Hemisphere,"85","100",f093,"0","0"
SJER,San Joaquin,SJER112,257398.700000000011642,4111285.500000000000000,ARVI4,Arctostaphylos viscida,"1506",center,15.900000000000000,211.300000000000011,,130.000000000000000,"495",126.000000000000000,7.500000000000000,6.900000000000000,3.100000000000000,basal area crazy bc stems spread along ground and root away from main basal before branching aerially. main basal 55x90cm,,Hemisphere,"55","100",f033,"0","0"
SJER,San Joaquin,SJER1068,255857.600000000005821,4111576.500000000000000,CECU,Ceanothus cuneatus,"1639",center,10.000000000000000,31.199999999999999,,130.000000000000000,"152",138.000000000000000,6.600000000000000,4.500000000000000,3.200000000000000,11 stems. crazy old cecu where stems collapsed and sprouted along ground,,Hemisphere,"60","100",,"0","0"
SJER,San Joaquin,SJER916,257455.299999999988358,4109618.200000000186265,CECU,Ceanothus cuneatus,"1560",center,5.400000000000000,285.899999999999977,6.200000000000000,0.000000000000000,"0",0.000000000000000,1.300000000000000,1.000000000000000,1.200000000000000,,,Cone,"90","100",f005,"1","0"
SJER,San Joaquin,SJER1068,255862.000000000000000,4111575.200000000186265,CECU,Ceanothus cuneatus,"1638",NE,2.600000000000000,194.500000000000000,9.300000000000001,1.000000000000000,"0",0.000000000000000,2.200000000000000,2.200000000000000,2.100000000000000,,,Cone,"100","100",f078,"0","0"
SJER,San Joaquin,SJER128,257072.299999999988358,4111389.000000000000000,CECU,Ceanothus cuneatus,"1492",center,6.600000000000000,273.699999999999989,5.000000000000000,2.000000000000000,"0",0.000000000000000,0.800000000000000,0.800000000000000,1.000000000000000,,grazed,Cone,"90","100",,"0","0"
SJER,San Joaquin,SJER128,257086.899999999994179,4111390.000000000000000,CECU,Ceanothus cuneatus,"1486",center,8.199999999999999,79.400000000000006,,130.000000000000000,"43",37.000000000000000,5.800000000000000,5.100000000000000,3.400000000000000,8 stems,,Sphere,"60","100",,"0","0"
SJER,San Joaquin,SJER1068,255862.500000000000000,4111572.500000000000000,CECU,Ceanothus cuneatus,"1637",NE,5.100000000000000,181.699999999999989,,130.000000000000000,"12",12.000000000000000,1.500000000000000,1.500000000000000,1.700000000000000,5 stems,,Cone,"100","100",,"0","0"
SJER,San Joaquin,SJER916,257466.799999999988358,4109614.200000000186265,CECU,Ceanothus cuneatus,"1556",center,6.800000000000000,111.700000000000003,,130.000000000000000,"102",48.000000000000000,5.900000000000000,4.200000000000000,2.800000000000000,6 stems,,Hemisphere,"90","100",f001,"0","0"
SJER,San Joaquin,SJER916,257458.899999999994179,4109617.200000000186265,CECU,Ceanothus cuneatus,"1559",center,1.700000000000000,290.899999999999977,3.100000000000000,0.000000000000000,"0",0.000000000000000,0.600000000000000,0.600000000000000,0.600000000000000,,,Cone,"100","100",,"1","0"
SJER,San Joaquin,SJER916,257468.700000000011642,4109626.000000000000000,CECU,Ceanothus cuneatus,"1558",center,12.400000000000000,41.399999999999999,,130.000000000000000,"53",53.000000000000000,5.600000000000000,3.200000000000000,1.000000000000000,9 stems,long dead,Hemisphere,"0","100",,"0","0"
SJER,San Joaquin,SJER128,257087.899999999994179,4111391.000000000000000,CECU,Ceanothus cuneatus,"1487",center,9.400000000000000,75.000000000000000,,130.000000000000000,"48",31.000000000000000,6.500000000000000,4.600000000000000,3.600000000000000,6 stems,dead,Hemisphere,"0","100",,"0","0"
SJER,San Joaquin,SJER1068,255858.000000000000000,4111579.799999999813735,CECU,Ceanothus cuneatus,"1646",NE,5.100000000000000,294.199999999999989,,130.000000000000000,"67",45.000000000000000,4.200000000000000,3.900000000000000,2.900000000000000,6 stems,,Sphere,"100","100",f079,"0","0"
SJER,San Joaquin,SJER916,257466.799999999988358,4109624.200000000186265,CECU,Ceanothus cuneatus,"1557",center,9.800000000000001,40.299999999999997,3.400000000000000,0.000000000000000,"0",0.000000000000000,1.100000000000000,0.900000000000000,1.000000000000000,,,Cone,"100","100",f002,"1","0"
SJER,San Joaquin,SJER916,257458.100000000005821,4109605.799999999813735,CECU,Ceanothus cuneatus,"1561",center,11.199999999999999,192.400000000000006,,130.000000000000000,"31",14.000000000000000,2.000000000000000,1.500000000000000,1.500000000000000,2 stems,,Sphere,"100","100",f004,"0","0"
SJER,San Joaquin,SJER1068,255854.600000000005821,4111568.500000000000000,CELE2,Ceanothus leucodermis,"1635",center,2.300000000000000,75.700000000000003,19.300000000000001,10.000000000000000,"0",0.000000000000000,3.900000000000000,3.800000000000000,2.600000000000000,,,Sphere,"45","100",,"0","0"
SJER,San Joaquin,SJER1068,255854.399999999994179,4111563.500000000000000,CELE2,Ceanothus leucodermis,"1634",center,4.700000000000000,154.199999999999989,,130.000000000000000,"21",18.000000000000000,1.500000000000000,0.700000000000000,0.000000000000000,3 stems,long dead,Hemisphere,"0","100",,"0","0"
SJER,San Joaquin,SJER1068,255859.399999999994179,4111572.799999999813735,CELE2,Ceanothus leucodermis,"1636",center,8.600000000000000,55.299999999999997,,130.000000000000000,"43",35.000000000000000,6.400000000000000,6.500000000000000,3.100000000000000,15 stems,,Hemisphere,"90","100",f077,"0","0"
SJER,San Joaquin,SJER2796,256026.799999999988358,4111524.200000000186265,CELE2,Ceanothus leucodermis,"1612",center,12.199999999999999,218.400000000000006,30.100000000000001,1.000000000000000,"0",0.000000000000000,6.600000000000000,6.000000000000000,4.400000000000000,,,Sphere,"90","100",f097,"0","0"
SJER,San Joaquin,SJER2796,256030.500000000000000,4111543.200000000186265,CELE2,Ceanothus leucodermis,"1619",center,10.199999999999999,337.600000000000023,,130.000000000000000,"76",27.000000000000000,4.300000000000000,3.200000000000000,2.900000000000000,10 stems,dead w branches,,"0","100",,"0","0"
SJER,San Joaquin,SJER1068,255853.899999999994179,4111576.799999999813735,CELE2,Ceanothus leucodermis,"1640",center,9.000000000000000,9.800000000000001,24.600000000000001,1.000000000000000,,,6.200000000000000,4.100000000000000,2.000000000000000,3 stems,dead and sprawling,Hemisphere,"0","100",,"0","0"
SJER,San Joaquin,SJER1068,255845.500000000000000,4111559.000000000000000,CELE2,Ceanothus leucodermis,"1632",SW,3.400000000000000,80.000000000000000,14.400000000000000,1.000000000000000,"0",0.000000000000000,3.700000000000000,3.500000000000000,2.100000000000000,,,Sphere,"100","100",,"0","0"
SJER,San Joaquin,SJER824,256182.899999999994179,4110056.000000000000000,CELE2,Ceanothus leucodermis,"1395",center,8.900000000000000,342.199999999999989,,130.000000000000000,"105",89.000000000000000,5.700000000000000,4.900000000000000,3.700000000000000,22 stems,,Sphere,"60","100",f047,"0","0"
SJER,San Joaquin,SJER2796,256019.700000000011642,4111534.500000000000000,CELE2,Ceanothus leucodermis,"1627",center,14.699999999999999,273.000000000000000,20.800000000000001,10.000000000000000,"0",0.000000000000000,5.500000000000000,4.800000000000000,2.800000000000000,,,Hemisphere,"65","100",f098,"0","0"
SJER,San Joaquin,SJER1068,255858.100000000005821,4111567.799999999813735,CELE2,Ceanothus leucodermis,"1633",center,5.700000000000000,90.599999999999994,,130.000000000000000,"100",48.000000000000000,4.700000000000000,4.500000000000000,2.500000000000000,3 stems 0,,Hemisphere,"80","100",f074,"0","0"
SJER,San Joaquin,SJER2796,256035.299999999988358,4111530.500000000000000,CELE2,Ceanothus leucodermis,"1614",center,3.400000000000000,164.400000000000006,17.300000000000001,1.000000000000000,"0",0.000000000000000,5.100000000000000,4.300000000000000,3.800000000000000,,,Cone,"95","100",f096,"0","0"
SJER,San Joaquin,SJER1068,255848.600000000005821,4111577.000000000000000,CELE2,Ceanothus leucodermis,"1641",center,10.000000000000000,338.000000000000000,,130.000000000000000,"138",58.000000000000000,9.800000000000001,6.300000000000000,4.000000000000000,7 stems,,Hemisphere,"35","100",f076,"0","0"
SJER,San Joaquin,SJER952,255866.200000000011642,4110759.500000000000000,LUAL4,Lupinus albifrons,"1700",center,5.000000000000000,273.600000000000023,,130.000000000000000,"8",5.000000000000000,1.300000000000000,1.200000000000000,1.200000000000000,2 stems,,Cone,"90","100",,"0","0"
SJER,San Joaquin,SJER952,255864.600000000005821,4110752.000000000000000,LUAL4,Lupinus albifrons,"1660",center,9.699999999999999,222.900000000000006,3.300000000000000,130.000000000000000,"0",0.000000000000000,0.900000000000000,0.800000000000000,0.700000000000000,,,Cone,"100","100",,"0","0"
SJER,San Joaquin,SJER952,255863.500000000000000,4110749.799999999813735,LUAL4,Lupinus albifrons,"1659",center,12.000000000000000,219.599999999999994,6.100000000000000,1.000000000000000,"0",0.000000000000000,1.500000000000000,1.500000000000000,1.200000000000000,,,Cone,"95","100",,"0","0"
SJER,San Joaquin,SJER952,255863.899999999994179,4110761.799999999813735,LUAL4,Lupinus albifrons,"1697",center,7.800000000000000,290.899999999999977,9.800000000000001,10.000000000000000,"0",0.000000000000000,1.500000000000000,0.900000000000000,0.900000000000000,,dead and horiz,Hemisphere,"0","100",,"0","0"
SJER,San Joaquin,SJER952,255861.899999999994179,4110750.000000000000000,LUAL4,Lupinus albifrons,"1658",center,13.000000000000000,225.900000000000006,4.600000000000000,1.000000000000000,"0",0.000000000000000,0.600000000000000,0.600000000000000,1.100000000000000,,dead,Cone,"0","100",,"0","0"
SJER,San Joaquin,SJER952,255863.700000000011642,4110754.500000000000000,LUAL4,Lupinus albifrons,"1656",center,8.800000000000001,238.900000000000006,3.500000000000000,1.000000000000000,"0",0.000000000000000,0.800000000000000,0.700000000000000,1.000000000000000,,,Cone,"90","100",,"0","0"
SJER,San Joaquin,SJER952,255862.700000000011642,4110751.799999999813735,LUAL4,Lupinus albifrons,"1657",center,11.199999999999999,229.699999999999989,15.300000000000001,1.000000000000000,"0",0.000000000000000,2.800000000000000,2.400000000000000,1.700000000000000,,,Cone,"85","100",,"0","0"
SJER,San Joaquin,SJER952,255879.399999999994179,4110766.500000000000000,LUAL4,Lupinus albifrons,"1684",center,11.100000000000000,47.299999999999997,2.300000000000000,1.000000000000000,"0",0.000000000000000,0.400000000000000,0.200000000000000,0.900000000000000,,dead,Cylinder,"0","100",,"0","0"
SJER,San Joaquin,SJER952,255864.899999999994179,4110761.500000000000000,LUAL4,Lupinus albifrons,"1698",center,6.700000000000000,290.300000000000011,2.600000000000000,1.000000000000000,"0",0.000000000000000,0.400000000000000,0.400000000000000,0.700000000000000,,,Cone,"95","100",,"0","0"
SJER,San Joaquin,SJER952,255865.799999999988358,4110760.000000000000000,LUAL4,Lupinus albifrons,"1699",center,5.500000000000000,280.300000000000011,4.100000000000000,10.000000000000000,"0",0.000000000000000,0.700000000000000,0.700000000000000,1.300000000000000,,dead,Cone,"0","100",,"0","0"
SJER,San Joaquin,SJER952,255865.399999999994179,4110764.200000000186265,LUAL4,Lupinus albifrons,"1694",center,7.800000000000000,312.100000000000023,10.800000000000001,10.000000000000000,"0",0.000000000000000,1.500000000000000,1.500000000000000,0.600000000000000,,,Hemisphere,"0","100",,"0","0"
SJER,San Joaquin,SJER952,255865.799999999988358,4110755.500000000000000,LUAL4,Lupinus albifrons,"1655",center,6.500000000000000,236.800000000000011,5.900000000000000,1.000000000000000,"0",0.000000000000000,1.400000000000000,1.300000000000000,1.500000000000000,,,Cone,"95","100",,"0","0"
SJER,San Joaquin,SJER952,255879.500000000000000,4110763.500000000000000,LUAL4,Lupinus albifrons,"1683",center,9.400000000000000,62.700000000000003,13.000000000000000,10.000000000000000,"0",0.000000000000000,2.600000000000000,2.000000000000000,1.600000000000000,,,Cone,"85","100",f072,"0","0"
SJER,San Joaquin,SJER952,255872.399999999994179,4110759.500000000000000,LUAL4,Lupinus albifrons,"1677",center,1.300000000000000,71.099999999999994,5.200000000000000,1.000000000000000,"0",0.000000000000000,1.300000000000000,1.200000000000000,1.100000000000000,,,Cone,"100","100",,"0","0"
SJER,San Joaquin,SJER952,255861.899999999994179,4110764.000000000000000,LUAL4,Lupinus albifrons,"1692",center,10.600000000000000,298.699999999999989,3.500000000000000,1.000000000000000,"0",0.000000000000000,0.800000000000000,0.800000000000000,0.900000000000000,,,Cylinder,"95","100",,"0","0"
SJER,San Joaquin,SJER952,255869.700000000011642,4110751.000000000000000,LUAL4,Lupinus albifrons,"1662",center,8.199999999999999,190.500000000000000,10.900000000000000,10.000000000000000,"0",0.000000000000000,2.500000000000000,2.300000000000000,2.200000000000000,,,Cone,"90","100",f069,"0","0"
SJER,San Joaquin,SJER952,255872.500000000000000,4110759.500000000000000,LUAL4,Lupinus albifrons,"1678",center,1.300000000000000,75.900000000000006,1.500000000000000,1.000000000000000,"0",0.000000000000000,0.300000000000000,0.300000000000000,0.600000000000000,,dead,Cone,"0","100",,"0","0"
SJER,San Joaquin,SJER952,255877.100000000005821,4110761.500000000000000,LUAL4,Lupinus albifrons,"1681",center,6.400000000000000,68.400000000000006,4.000000000000000,10.000000000000000,"0",0.000000000000000,0.700000000000000,0.700000000000000,0.700000000000000,,dead,Hemisphere,"0","100",,"0","0"
SJER,San Joaquin,SJER952,255865.100000000005821,4110764.799999999813735,LUAL4,Lupinus albifrons,"1693",center,8.400000000000000,313.199999999999989,4.700000000000000,10.000000000000000,"0",0.000000000000000,0.600000000000000,0.400000000000000,1.000000000000000,,dead,Cone,"0","100",,"0","0"
SJER,San Joaquin,SJER952,255876.700000000011642,4110752.799999999813735,LUAL4,Lupinus albifrons,"1669",center,8.300000000000001,138.400000000000006,12.600000000000000,3.000000000000000,"0",0.000000000000000,2.400000000000000,2.600000000000000,2.200000000000000,,,Cone,"80","100",,"0","0"
SJER,San Joaquin,SJER952,255866.700000000011642,4110753.000000000000000,LUAL4,Lupinus albifrons,"1661",center,7.400000000000000,217.199999999999989,13.199999999999999,10.000000000000000,"0",0.000000000000000,2.200000000000000,2.000000000000000,1.000000000000000,,"dead and horiz; broken but attached",Hemisphere,"0","100",,"0","0"
SJER,San Joaquin,SJER952,255868.899999999994179,4110759.000000000000000,LUAL4,Lupinus albifrons,"1701",center,2.300000000000000,270.300000000000011,3.800000000000000,10.000000000000000,"0",0.000000000000000,1.100000000000000,0.900000000000000,1.000000000000000,,,Cone,"80","100",,"0","0"
SJER,San Joaquin,SJER952,255879.500000000000000,4110758.799999999813735,LUAL4,Lupinus albifrons,"1675",center,8.300000000000001,92.500000000000000,16.000000000000000,1.000000000000000,"0",0.000000000000000,2.700000000000000,2.700000000000000,2.100000000000000,,,Cone,"85","100",,"0","0"
SJER,San Joaquin,SJER952,255863.500000000000000,4110766.000000000000000,LUAL4,Lupinus albifrons,"1691",center,10.400000000000000,312.600000000000023,,130.000000000000000,"32",8.000000000000000,2.300000000000000,1.300000000000000,1.400000000000000,2 stems,dead and splayed,Hemisphere,"0","100",,"0","0"
SJER,San Joaquin,SJER952,255874.500000000000000,4110753.500000000000000,LUAL4,Lupinus albifrons,"1667",center,6.500000000000000,149.599999999999994,4.400000000000000,1.000000000000000,"0",0.000000000000000,1.100000000000000,1.100000000000000,0.900000000000000,,,Cone,"100","100",,"0","0"
SJER,San Joaquin,SJER952,255874.399999999994179,4110759.500000000000000,LUAL4,Lupinus albifrons,"1679",center,3.200000000000000,82.500000000000000,13.600000000000000,10.000000000000000,"0",0.000000000000000,2.000000000000000,1.900000000000000,1.900000000000000,,,Cone,"40","100",,"0","0"
SJER,San Joaquin,SJER952,255869.200000000011642,4110762.200000000186265,LUAL4,Lupinus albifrons,"1706",center,3.800000000000000,327.600000000000023,9.600000000000000,1.000000000000000,"0",0.000000000000000,1.800000000000000,1.000000000000000,0.900000000000000,,,Hemisphere,"95","100",,"0","0"
SJER,San Joaquin,SJER952,255861.799999999988358,4110761.200000000186265,LUAL4,Lupinus albifrons,"1696",center,9.600000000000000,283.199999999999989,10.699999999999999,10.000000000000000,"0",0.000000000000000,1.700000000000000,1.700000000000000,0.700000000000000,,dead and splayed horiz,Hemisphere,"0","100",,"0","0"
SJER,San Joaquin,SJER952,255866.100000000005821,4110757.500000000000000,LUAL4,Lupinus albifrons,"1654",center,5.300000000000000,254.300000000000011,5.000000000000000,1.000000000000000,"0",0.000000000000000,0.800000000000000,0.500000000000000,0.700000000000000,,dead,Cone,"0","100",,"0","0"
SJER,San Joaquin,SJER952,255877.799999999988358,4110752.799999999813735,LUAL4,Lupinus albifrons,"1671",center,9.199999999999999,133.699999999999989,3.500000000000000,1.000000000000000,"0",0.000000000000000,0.400000000000000,0.300000000000000,0.600000000000000,,dead,Cone,"0","100",,"0","0"
SJER,San Joaquin,SJER952,255877.299999999988358,4110763.500000000000000,LUAL4,Lupinus albifrons,"1685",center,7.600000000000000,53.600000000000001,10.500000000000000,1.000000000000000,"0",0.000000000000000,1.300000000000000,1.200000000000000,1.800000000000000,,dead,Cylinder,"0","100",,"0","0"
SJER,San Joaquin,SJER952,255870.100000000005821,4110754.200000000186265,LUAL4,Lupinus albifrons,"1664",center,5.000000000000000,193.000000000000000,6.600000000000000,5.000000000000000,"0",0.000000000000000,1.900000000000000,1.900000000000000,1.700000000000000,,,Sphere,"95","100",,"0","0"
SJER,San Joaquin,SJER952,255867.000000000000000,4110761.000000000000000,LUAL4,Lupinus albifrons,"1702",center,4.600000000000000,293.899999999999977,7.500000000000000,1.000000000000000,"0",0.000000000000000,0.500000000000000,0.400000000000000,1.400000000000000,,dead,Cylinder,"0","100",,"0","0"
SJER,San Joaquin,SJER952,255865.799999999988358,4110758.000000000000000,LUAL4,Lupinus albifrons,"1653",center,5.500000000000000,259.100000000000023,3.900000000000000,1.000000000000000,"0",0.000000000000000,0.800000000000000,0.700000000000000,0.700000000000000,,,Hemisphere,"60","100",,"0","0"
SJER,San Joaquin,SJER952,255872.600000000005821,4110756.500000000000000,LUAL4,Lupinus albifrons,"1666",center,3.000000000000000,152.000000000000000,6.000000000000000,10.000000000000000,"0",0.000000000000000,2.000000000000000,1.500000000000000,1.400000000000000,,,Hemisphere,"95","100",f072,"0","0"
SJER,San Joaquin,SJER952,255864.500000000000000,4110756.500000000000000,LUAL4,Lupinus albifrons,"1652",center,7.100000000000000,250.099999999999994,6.600000000000000,1.000000000000000,"0",0.000000000000000,1.500000000000000,1.300000000000000,1.200000000000000,,,Cone,"95","100",,"0","0"
SJER,San Joaquin,SJER952,255878.299999999988358,4110761.500000000000000,LUAL4,Lupinus albifrons,"1682",center,7.500000000000000,71.799999999999997,1.400000000000000,1.000000000000000,"0",0.000000000000000,0.500000000000000,0.300000000000000,0.600000000000000,,,Cone,"100","100",,"0","0"
SJER,San Joaquin,SJER952,255862.899999999994179,4110763.000000000000000,LUAL4,Lupinus albifrons,"1695",center,9.100000000000000,294.800000000000011,4.500000000000000,10.000000000000000,"0",0.000000000000000,0.600000000000000,0.300000000000000,0.700000000000000,,dead and splayed,Hemisphere,"0","100",,"0","0"
SJER,San Joaquin,SJER952,255879.200000000011642,4110757.000000000000000,LUAL4,Lupinus albifrons,"1674",center,8.300000000000001,104.799999999999997,10.199999999999999,1.000000000000000,"0",0.000000000000000,1.400000000000000,1.300000000000000,2.200000000000000,,,Cone,"95","100",,"0","0"
SJER,San Joaquin,SJER952,255867.799999999988358,4110762.200000000186265,LUAL4,Lupinus albifrons,"1704",center,4.700000000000000,313.199999999999989,5.400000000000000,10.000000000000000,"0",0.000000000000000,0.700000000000000,0.600000000000000,1.100000000000000,,dead,Cone,"0","100",,"0","0"
SJER,San Joaquin,SJER952,255876.799999999988358,4110760.000000000000000,LUAL4,Lupinus albifrons,"1680",center,5.700000000000000,80.099999999999994,7.700000000000000,1.000000000000000,"0",0.000000000000000,1.400000000000000,1.200000000000000,1.500000000000000,,,Cone,"95","100",,"0","0"
SJER,San Joaquin,SJER952,255868.600000000005821,4110765.200000000186265,LUAL4,Lupinus albifrons,"1690",center,6.700000000000000,337.600000000000023,4.700000000000000,10.000000000000000,"0",0.000000000000000,0.800000000000000,0.700000000000000,0.700000000000000,,dead,Hemisphere,"0","100",,"0","0"
SJER,San Joaquin,SJER952,255871.799999999988358,4110767.799999999813735,LUAL4,Lupinus albifrons,"1688",center,8.800000000000001,3.900000000000000,5.900000000000000,10.000000000000000,"0",0.000000000000000,0.900000000000000,0.800000000000000,1.300000000000000,,dead,Cone,"0","100",,"0","0"
SJER,San Joaquin,SJER952,255876.899999999994179,4110758.500000000000000,LUAL4,Lupinus albifrons,"1676",center,5.700000000000000,94.299999999999997,17.399999999999999,10.000000000000000,"0",0.000000000000000,2.500000000000000,2.100000000000000,2.000000000000000,,,Cone,"85","100",f071,"0","0"
SJER,San Joaquin,SJER952,255869.299999999988358,4110763.200000000186265,LUAL4,Lupinus albifrons,"1705",center,4.700000000000000,336.500000000000000,7.000000000000000,1.000000000000000,"0",0.000000000000000,1.800000000000000,1.400000000000000,1.300000000000000,,,Cone,"85","100",f073,"0","0"
SJER,San Joaquin,SJER952,255874.299999999988358,4110751.000000000000000,LUAL4,Lupinus albifrons,"1668",center,8.500000000000000,158.400000000000006,5.700000000000000,1.000000000000000,"0",0.000000000000000,1.900000000000000,1.600000000000000,1.200000000000000,,,Cone,"100","100",,"0","0"
SJER,San Joaquin,SJER952,255878.200000000011642,4110756.000000000000000,LUAL4,Lupinus albifrons,"1673",center,7.600000000000000,112.799999999999997,13.000000000000000,0.000000000000000,"0",0.000000000000000,2.300000000000000,1.800000000000000,1.900000000000000,,,Hemisphere,"90","100",,"1","0"
SJER,San Joaquin,SJER952,255879.700000000011642,4110753.500000000000000,LUAL4,Lupinus albifrons,"1670",center,10.100000000000000,122.900000000000006,16.800000000000001,1.000000000000000,"0",0.000000000000000,3.900000000000000,2.700000000000000,1.600000000000000,,nearly dead and splayed from middle,Hemisphere,"10","100",,"0","0"
SJER,San Joaquin,SJER952,255869.899999999994179,4110756.799999999813735,LUAL4,Lupinus albifrons,"1665",center,2.700000000000000,208.599999999999994,,130.000000000000000,"22",22.000000000000000,3.600000000000000,2.000000000000000,1.500000000000000,3 stems splayed from middle,dead,,"0","100",,"0","0"
SJER,San Joaquin,SJER952,255867.299999999988358,4110761.000000000000000,LUAL4,Lupinus albifrons,"1703",center,4.400000000000000,297.399999999999977,3.700000000000000,1.000000000000000,"0",0.000000000000000,0.900000000000000,0.800000000000000,1.200000000000000,,,Cone,"100","100",,"0","0"
SJER,San Joaquin,SJER952,255863.799999999988358,4110757.500000000000000,LUAL4,Lupinus albifrons,"1651",center,7.600000000000000,257.199999999999989,4.700000000000000,1.000000000000000,"0",0.000000000000000,1.300000000000000,1.100000000000000,1.200000000000000,,,Cone,"100","100",,"0","0"
SJER,San Joaquin,SJER952,255869.500000000000000,4110752.500000000000000,LUAL4,Lupinus albifrons,"1663",center,6.800000000000000,194.000000000000000,5.600000000000000,1.000000000000000,"0",0.000000000000000,1.200000000000000,1.000000000000000,1.100000000000000,,,Cone,"100","100",,"0","0"
SJER,San Joaquin,SJER952,255871.200000000011642,4110765.200000000186265,LUAL4,Lupinus albifrons,"1687",center,6.300000000000000,0.300000000000000,,130.000000000000000,"22",16.000000000000000,1.500000000000000,1.200000000000000,1.200000000000000,2 stems,dead and splayed,Cone,"0","100",,"0","0"
SJER,San Joaquin,SJER952,255872.100000000005821,4110764.000000000000000,LUAL4,Lupinus albifrons,"1686",center,5.100000000000000,9.699999999999999,13.199999999999999,10.000000000000000,"22",38.000000000000000,2.800000000000000,1.800000000000000,1.200000000000000,2 stems,dead and splayed,Hemisphere,"0","100",,"0","0"
SJER,San Joaquin,SJER952,255870.600000000005821,4110767.799999999813735,LUAL4,Lupinus albifrons,"1689",center,8.699999999999999,355.899999999999977,5.700000000000000,1.000000000000000,"0",0.000000000000000,0.900000000000000,0.800000000000000,1.300000000000000,,dead,Cone,"0","100",,"0","0"
SJER,San Joaquin,SJER952,255878.799999999988358,4110749.500000000000000,LUAL4,Lupinus albifrons,"1672",center,12.300000000000001,141.900000000000006,6.900000000000000,10.000000000000000,"0",0.000000000000000,1.400000000000000,0.700000000000000,0.900000000000000,,dead,Cone,"0","100",,"0","0"
SJER,San Joaquin,SJER112,257409.799999999988358,4111303.799999999813735,PISA2,Pinus sabiniana,"1505",center,5.600000000000000,30.399999999999999,30.600000000000001,130.000000000000000,"0",0.000000000000000,4.500000000000000,4.300000000000000,17.199999999999999,,,,"100","100",f032,"0","0"
SJER,San Joaquin,SJER1068,255844.399999999994179,4111582.000000000000000,PISA2,Pinus sabiniana,"1647",NW,4.200000000000000,22.399999999999999,63.700000000000003,130.000000000000000,"0",0.000000000000000,13.800000000000001,11.600000000000000,19.300000000000001,,,,"100","100",f083,"0","0"
SJER,San Joaquin,SJER112,257414.500000000000000,4111292.500000000000000,PISA2,Pinus sabiniana,"1504",SE,4.200000000000000,336.399999999999977,30.399999999999999,130.000000000000000,"0",0.000000000000000,5.500000000000000,5.000000000000000,14.900000000000000,,,,"100","100",f030,"0","0"
SJER,San Joaquin,SJER112,257424.399999999994179,4111305.799999999813735,PISA2,Pinus sabiniana,"1510",center,18.699999999999999,68.500000000000000,14.000000000000000,130.000000000000000,"0",0.000000000000000,4.100000000000000,2.500000000000000,8.900000000000000,,,,"100","100",,"0","0"
SJER,San Joaquin,SJER824,256177.000000000000000,4110066.000000000000000,PISA2,Pinus sabiniana,"1415",NW,8.199999999999999,4.700000000000000,82.200000000000003,130.000000000000000,"0",0.000000000000000,10.500000000000000,9.000000000000000,26.500000000000000,,,,"100","100",,"0","0"
SJER,San Joaquin,SJER916,257474.500000000000000,4109599.799999999813735,PISA2,Pinus sabiniana,"1562",center,22.000000000000000,140.500000000000000,56.500000000000000,130.000000000000000,"0",0.000000000000000,11.199999999999999,9.000000000000000,17.300000000000001,,20% of needles brown,,"80","100",,"0","0"
SJER,San Joaquin,SJER1068,255866.200000000011642,4111552.500000000000000,PISA2,Pinus sabiniana,"1645",SE,6.600000000000000,142.300000000000011,25.399999999999999,70.000000000000000,"0",0.000000000000000,4.800000000000000,4.600000000000000,8.600000000000000,2 boles at 90cm,,,"100","100",f082,"0","0"
SJER,San Joaquin,SJER112,257409.000000000000000,4111297.500000000000000,PISA2,Pinus sabiniana,"1503",center,2.500000000000000,126.700000000000003,75.500000000000000,130.000000000000000,"0",0.000000000000000,15.400000000000000,14.699999999999999,23.899999999999999,,,,"100","100",f031,"0","0"
SJER,San Joaquin,SJER916,257448.399999999994179,4109621.000000000000000,PISA2,Pinus sabiniana,"1566",center,12.800000000000001,289.500000000000000,59.500000000000000,130.000000000000000,"0",0.000000000000000,15.100000000000000,10.900000000000000,18.399999999999999,,,,"100","100",,"0","0"
SJER,San Joaquin,SJER116,256831.399999999994179,4110809.799999999813735,PISA2,Pinus sabiniana,"1542",center,12.600000000000000,215.900000000000006,44.799999999999997,75.000000000000000,"0",0.000000000000000,12.400000000000000,10.400000000000000,12.400000000000000,starts to branch at 95. 4 big stems by 2m.,recently dead w needles. only lowest branch alive,,"10","100",,"0","0"
SJER,San Joaquin,SJER116,256832.899999999994179,4110809.799999999813735,PISA2,Pinus sabiniana,"1543",center,11.600000000000000,210.099999999999994,44.299999999999997,130.000000000000000,"0",0.000000000000000,11.699999999999999,8.500000000000000,16.000000000000000,,near half dead w needles,,"60","100",,"0","0"
SJER,San Joaquin,SJER128,257065.600000000005821,4111381.500000000000000,QUDO,Quercus douglasii,"1494",center,15.000000000000000,242.300000000000011,32.500000000000000,130.000000000000000,"0",0.000000000000000,7.300000000000000,6.900000000000000,7.900000000000000,,,,"100","100",f050,"0","0"
SJER,San Joaquin,SJER116,256824.899999999994179,4110822.799999999813735,QUDO,Quercus douglasii,"1554",center,14.199999999999999,281.800000000000011,19.600000000000001,130.000000000000000,"0",0.000000000000000,4.900000000000000,3.600000000000000,6.000000000000000,,,,"90","100",f011,"0","0"
SJER,San Joaquin,SJER824,256204.700000000011642,4110050.000000000000000,QUDO,Quercus douglasii,"1405",SE,15.900000000000000,35.799999999999997,37.600000000000001,130.000000000000000,"0",0.000000000000000,9.400000000000000,6.800000000000000,10.900000000000000,,,,"100","100",,"0","0"
SJER,San Joaquin,SJER128,257062.600000000005821,4111396.000000000000000,QUDO,Quercus douglasii,"1501",center,17.899999999999999,295.000000000000000,13.000000000000000,105.000000000000000,"0",0.000000000000000,3.400000000000000,2.800000000000000,4.900000000000000,stem bulgy at 130-110,not many lvs,,"75","100",,"0","0"
SJER,San Joaquin,SJER116,256846.200000000011642,4110827.000000000000000,QUDO,Quercus douglasii,"1541",center,10.400000000000000,46.000000000000000,19.800000000000001,28.000000000000000,"0",0.000000000000000,4.200000000000000,4.000000000000000,6.500000000000000,"2 boles at 80cm; bumpy 80-30cm",,,"85","100",,"0","0"
SJER,San Joaquin,SJER116,256839.000000000000000,4110834.000000000000000,QUDO,Quercus douglasii,"1551",center,14.100000000000000,0.800000000000000,45.200000000000003,70.000000000000000,"0",0.000000000000000,10.100000000000000,10.699999999999999,8.199999999999999,2 boles at 1m knobby 75-100cm,,,"95","100",f008,"0","0"
SJER,San Joaquin,SJER2796,256018.799999999988358,4111548.500000000000000,QUDO,Quercus douglasii,"1625",NW,7.500000000000000,306.000000000000000,25.800000000000001,130.000000000000000,"0",0.000000000000000,4.600000000000000,4.300000000000000,9.400000000000000,,,,"100","100",f100,"0","0"
SJER,San Joaquin,SJER112,257387.700000000011642,4111299.500000000000000,QUDO,Quercus douglasii,"1515",center,19.300000000000001,271.199999999999989,38.000000000000000,120.000000000000000,"0",0.000000000000000,9.100000000000000,6.500000000000000,8.699999999999999,swelling at 130cm,,,"100","100",f038,"0","0"
SJER,San Joaquin,SJER128,257075.600000000005821,4111402.500000000000000,QUDO,Quercus douglasii,"1498",center,14.300000000000001,346.600000000000023,51.399999999999999,130.000000000000000,"0",0.000000000000000,11.199999999999999,11.100000000000000,10.900000000000000,,,,"100","100",f049,"0","0"
SJER,San Joaquin,SJER112,257408.600000000005821,4111312.000000000000000,QUDO,Quercus douglasii,"1513",center,13.000000000000000,7.300000000000000,33.299999999999997,60.000000000000000,"0",0.000000000000000,6.400000000000000,5.600000000000000,7.600000000000000,2 boles at 80cm,,,"100","100",f036,"0","0"
SJER,San Joaquin,SJER128,257086.299999999988358,4111407.000000000000000,QUDO,Quercus douglasii,"1497",center,19.899999999999999,22.000000000000000,31.399999999999999,1.000000000000000,"0",0.000000000000000,7.600000000000000,6.600000000000000,7.700000000000000,stem bulgy above 1m,,,"90","100",f048,"0","0"
SJER,San Joaquin,SJER112,257405.299999999988358,4111309.200000000186265,QUDO,Quercus douglasii,"1514",center,10.400000000000000,350.899999999999977,44.299999999999997,1.000000000000000,"0",0.000000000000000,8.199999999999999,7.600000000000000,7.000000000000000,2 boles at 20-10cm,,,"90","100",f037,"0","0"
SJER,San Joaquin,SJER128,257061.000000000000000,4111394.200000000186265,QUDO,Quercus douglasii,"1502",center,18.699999999999999,287.600000000000023,24.399999999999999,130.000000000000000,"0",0.000000000000000,6.100000000000000,5.800000000000000,7.200000000000000,,,,"90","100",f051,"0","0"
SJER,San Joaquin,SJER128,257076.799999999988358,4111388.799999999813735,QUDO,Quercus douglasii,"1493",center,2.100000000000000,273.100000000000023,4.800000000000000,10.000000000000000,"0",0.000000000000000,0.900000000000000,0.600000000000000,0.900000000000000,,heavily grazed,Cone,"90","100",,"0","0"
SJER,San Joaquin,SJER128,257066.700000000011642,4111397.000000000000000,QUDO,Quercus douglasii,"1499",center,14.800000000000001,304.699999999999989,31.800000000000001,130.000000000000000,"0",0.000000000000000,7.800000000000000,5.600000000000000,6.700000000000000,,,,"85","100",,"0","0"
SJER,San Joaquin,SJER2796,256031.600000000005821,4111542.500000000000000,QUDO,Quercus douglasii,"1618",center,9.199999999999999,342.399999999999977,37.799999999999997,95.000000000000000,"0",0.000000000000000,8.699999999999999,8.100000000000000,7.800000000000000,big bulge at 115-135cm,,,"95","100",f000,"0","0"
SJER,San Joaquin,SJER2796,256018.000000000000000,4111539.500000000000000,QUDO,Quercus douglasii,"1626",center,17.300000000000001,289.000000000000000,35.700000000000003,130.000000000000000,"0",0.000000000000000,10.100000000000000,7.500000000000000,8.600000000000000,,,,"95","100",f099,"0","0"
SJER,San Joaquin,SJER116,256846.399999999994179,4110832.799999999813735,QUDO,Quercus douglasii,"1549",center,14.900000000000000,30.699999999999999,18.199999999999999,130.000000000000000,"0",0.000000000000000,4.200000000000000,3.900000000000000,7.400000000000000,,,,"90","100",f013,"0","0"
SJER,San Joaquin,SJER116,256840.399999999994179,4110804.500000000000000,QUDO,Quercus douglasii,"1544",center,15.600000000000000,173.800000000000011,70.500000000000000,15.000000000000000,"0",0.000000000000000,12.199999999999999,10.300000000000001,9.900000000000000,2 boles at 80-100cm. knobby b/n 80-30cm,,,"95","100",f007,"0","0"
SJER,San Joaquin,SJER4,257212.700000000011642,4109783.799999999813735,QUWI2,Quercus wislizeni,"1586",NW,8.600000000000000,316.100000000000023,33.799999999999997,2.000000000000000,"0",0.000000000000000,9.300000000000001,8.100000000000000,6.500000000000000,1583-1586 same copice. 2 boles at 10cm,,,"90","100",f055,"0","0"
SJER,San Joaquin,SJER112,257420.899999999994179,4111290.500000000000000,QUWI2,Quercus wislizeni,"1512",SE,5.100000000000000,67.599999999999994,21.800000000000001,20.000000000000000,"0",0.000000000000000,6.100000000000000,5.400000000000000,4.300000000000000,crazy stem. copice with 7 main stems coming from aerial caudex. 20 cm of roots exposed. measured above these around caudex base before swelling,,,"85","100",f041,"0","0"
SJER,San Joaquin,SJER824,256171.000000000000000,4110045.200000000186265,QUWI2,Quercus wislizeni,"1400",center,14.800000000000001,261.000000000000000,,130.000000000000000,"0",0.000000000000000,7.500000000000000,6.900000000000000,7.700000000000000,1400-1404 same roots,,,"100","100",f142,"0","0"
SJER,San Joaquin,SJER192,256679.200000000011642,4111054.500000000000000,QUWI2,Quercus wislizeni,"1530",SE,15.100000000000000,245.000000000000000,24.199999999999999,130.000000000000000,"0",0.000000000000000,7.200000000000000,6.100000000000000,4.900000000000000,1527 -1530 same copice,,,"100","100",f018,"0","0"
SJER,San Joaquin,SJER824,256196.600000000005821,4110053.000000000000000,QUWI2,Quercus wislizeni,"1407",center,12.300000000000001,63.399999999999999,20.500000000000000,10.000000000000000,"0",0.000000000000000,5.600000000000000,4.900000000000000,6.000000000000000,same as 1406,,,"80","100",,"0","0"
SJER,San Joaquin,SJER824,256177.000000000000000,4110049.799999999813735,QUWI2,Quercus wislizeni,"1388",center,8.800000000000001,283.699999999999989,6.000000000000000,10.000000000000000,"0",0.000000000000000,1.100000000000000,1.000000000000000,1.300000000000000,,grazed not very healthy,,"80","100",,"0","0"
SJER,San Joaquin,SJER824,256196.100000000005821,4110053.000000000000000,QUWI2,Quercus wislizeni,"1406",center,11.800000000000001,63.299999999999997,19.800000000000001,10.000000000000000,"0",0.000000000000000,7.300000000000000,5.300000000000000,3.700000000000000,1406-1413= 8 bole copice. total canopy= 15.5x13.2,main stem along ground,,"70","100",f045,"0","0"
SJER,San Joaquin,SJER4,257214.000000000000000,4109784.500000000000000,QUWI2,Quercus wislizeni,"1585",NW,8.400000000000000,326.300000000000011,27.199999999999999,110.000000000000000,"0",0.000000000000000,10.699999999999999,10.400000000000000,8.699999999999999,1583-1586 same copice. branches at 120-130cm,,,"100","100",f055,"0","0"
SJER,San Joaquin,SJER4,257229.799999999988358,4109760.799999999813735,QUWI2,Quercus wislizeni,"1574",center,6.700000000000000,167.300000000000011,25.199999999999999,10.000000000000000,"0",0.000000000000000,6.400000000000000,4.100000000000000,4.400000000000000,1569-1576 same copice. 2 boles at 20cm,,,"100","100",f058,"0","0"
SJER,San Joaquin,SJER4,257241.899999999994179,4109777.000000000000000,QUWI2,Quercus wislizeni,"1582",NE,3.600000000000000,86.599999999999994,10.800000000000001,60.000000000000000,"0",0.000000000000000,5.100000000000000,4.900000000000000,4.600000000000000,2 boles and branches at 80cm,,,"100","100",,"0","0"
SJER,San Joaquin,SJER4,257214.299999999988358,4109781.799999999813735,QUWI2,Quercus wislizeni,"1583",NW,6.000000000000000,314.100000000000023,24.000000000000000,130.000000000000000,"0",0.000000000000000,10.600000000000000,8.199999999999999,4.600000000000000,1583-1586 same copice. stem live but sprouting from dead trunk an growing horiz,,,"100","100",f055,"0","0"
SJER,San Joaquin,SJER824,256171.100000000005821,4110057.000000000000000,QUWI2,Quercus wislizeni,"1424",NW,5.200000000000000,263.800000000000011,42.100000000000001,10.000000000000000,"0",0.000000000000000,7.200000000000000,5.900000000000000,7.900000000000000,1419-1424 same copice. 4 boles at 10cm,,,"100","100",,"0","0"
SJER,San Joaquin,SJER4,257232.299999999988358,4109761.200000000186265,QUWI2,Quercus wislizeni,"1576",center,7.200000000000000,146.199999999999989,12.300000000000001,130.000000000000000,"0",0.000000000000000,5.600000000000000,3.700000000000000,5.200000000000000,1569 1576 same copice.,,,"100","100",f058,"0","0"
SJER,San Joaquin,SJER112,257421.000000000000000,4111304.000000000000000,QUWI2,Quercus wislizeni,"1509",center,14.900000000000000,70.700000000000003,43.200000000000003,15.000000000000000,"0",0.000000000000000,7.300000000000000,8.600000000000000,6.500000000000000,"3 boles at 70; swelling above 20cm",main limbs dead and broken terminally,,"70","100",f040,"0","0"
SJER,San Joaquin,SJER116,256833.899999999994179,4110837.799999999813735,QUWI2,Quercus wislizeni,"1552",center,18.600000000000001,345.000000000000000,21.199999999999999,50.000000000000000,"0",0.000000000000000,4.500000000000000,4.500000000000000,5.900000000000000,1552-1553 same copice. 2 boles split at 70-90cm. total crown = 8.8x6.8m,"oozing sap; from woodpeckers?",,"100","100",f012,"0","0"
SJER,San Joaquin,SJER4,257245.399999999994179,4109769.500000000000000,QUWI2,Quercus wislizeni,"1578",center,17.199999999999999,83.000000000000000,87.599999999999994,10.000000000000000,"0",0.000000000000000,9.699999999999999,6.900000000000000,6.500000000000000,1577-1578 same copice. 8 stems at 20cm,,,"80","100",f057,"0","0"
SJER,San Joaquin,SJER824,256186.799999999988358,4110059.500000000000000,QUWI2,Quercus wislizeni,"1414",center,12.100000000000000,5.800000000000000,33.700000000000003,0.000000000000000,"0",0.000000000000000,5.800000000000000,4.400000000000000,6.400000000000000,2(.5) stems at 10cm,,,"100","100",f044,"1","0"
SJER,San Joaquin,SJER4,257246.799999999988358,4109772.000000000000000,QUWI2,Quercus wislizeni,"1580",NE,9.699999999999999,119.599999999999994,14.500000000000000,30.000000000000000,"0",0.000000000000000,6.200000000000000,5.000000000000000,5.100000000000000,2 boles at 50cm,,,"100","100",,"0","0"
SJER,San Joaquin,SJER824,256170.799999999988358,4110046.000000000000000,QUWI2,Quercus wislizeni,"1402",center,14.900000000000000,263.399999999999977,8.000000000000000,10.000000000000000,"0",0.000000000000000,4.900000000000000,2.500000000000000,3.100000000000000,same as 1400,,,"100","100",,"0","0"
SJER,San Joaquin,SJER824,256180.000000000000000,4110051.000000000000000,QUWI2,Quercus wislizeni,"1389",center,6.500000000000000,301.600000000000023,3.600000000000000,10.000000000000000,"0",0.000000000000000,1.600000000000000,1.000000000000000,1.200000000000000,1389-1394 all sprouts from same old rotted tree,,,"100","100",f043 (1389-1394),"0","0"
SJER,San Joaquin,SJER112,257406.299999999988358,4111290.799999999813735,QUWI2,Quercus wislizeni,"1502",center,8.199999999999999,184.699999999999989,2.300000000000000,10.000000000000000,"0",0.000000000000000,1.100000000000000,0.800000000000000,1.000000000000000,,,Sphere,"100","100",,"0","0"
SJER,San Joaquin,SJER824,256196.399999999994179,4110052.799999999813735,QUWI2,Quercus wislizeni,"1408",center,12.000000000000000,64.700000000000003,29.000000000000000,10.000000000000000,"0",0.000000000000000,7.500000000000000,4.500000000000000,9.400000000000000,same as 1406,,,"100","100",,"0","0"
SJER,San Joaquin,SJER116,256856.600000000005821,4110822.500000000000000,QUWI2,Quercus wislizeni,"1546",center,18.000000000000000,81.400000000000006,39.000000000000000,10.000000000000000,"0",0.000000000000000,11.000000000000000,8.500000000000000,7.400000000000000,1546-1547 same copice. branches and knobs above 20cm,,,"90","100",f010,"0","0"
SJER,San Joaquin,SJER824,256195.600000000005821,4110052.000000000000000,QUWI2,Quercus wislizeni,"1409",center,11.000000000000000,66.000000000000000,15.400000000000000,10.000000000000000,"0",0.000000000000000,4.600000000000000,2.800000000000000,2.000000000000000,same as 1406,,,"20","100",,"0","0"
SJER,San Joaquin,SJER2796,256043.500000000000000,4111528.200000000186265,QUWI2,Quercus wislizeni,"1616",center,10.699999999999999,121.900000000000006,11.100000000000000,15.000000000000000,"0",0.000000000000000,6.000000000000000,4.200000000000000,5.400000000000000,m/b connected below ground to 1615. branches at 30cm,,,"100","100",,"0","0"
SJER,San Joaquin,SJER116,256845.799999999988358,4110818.799999999813735,QUWI2,Quercus wislizeni,"1539",center,7.100000000000000,99.200000000000003,40.500000000000000,5.000000000000000,"0",0.000000000000000,9.400000000000000,4.700000000000000,7.000000000000000,3 boles at 20cm,,,"100","100",,"0","0"
SJER,San Joaquin,SJER4,257213.700000000011642,4109783.000000000000000,QUWI2,Quercus wislizeni,"1584",NW,7.400000000000000,318.399999999999977,75.000000000000000,20.000000000000000,"0",0.000000000000000,16.300000000000001,11.900000000000000,10.800000000000001,1583-1586 same copice. 5 stems at 40. 2 big ones rotted away.,2 boles rotted away,,"60","100",f055,"0","0"
SJER,San Joaquin,SJER824,256170.500000000000000,4110045.799999999813735,QUWI2,Quercus wislizeni,"1403",center,15.199999999999999,263.399999999999977,23.699999999999999,10.000000000000000,"0",0.000000000000000,6.700000000000000,5.600000000000000,6.200000000000000,same as 1400,,,"95","100",,"0","0"
SJER,San Joaquin,SJER192,256674.700000000011642,4111075.799999999813735,QUWI2,Quercus wislizeni,"1525",center,9.900000000000000,298.199999999999989,18.600000000000001,130.000000000000000,"0",0.000000000000000,7.100000000000000,6.500000000000000,8.100000000000000,,,,"100","100",,"0","0"
SJER,San Joaquin,SJER952,255867.799999999988358,4110775.200000000186265,QUWI2,Quercus wislizeni,"1707",NE,15.000000000000000,295.100000000000023,21.100000000000001,5.000000000000000,"0",0.000000000000000,4.300000000000000,4.200000000000000,7.700000000000000,1707-1710 same copice. total crown=9.1x8.1m. 2 boles at 70cm,,,"100","100",,"0","0"
SJER,San Joaquin,SJER116,256843.799999999988358,4110818.500000000000000,QUWI2,Quercus wislizeni,"1540",center,5.300000000000000,106.700000000000003,60.200000000000003,10.000000000000000,"0",0.000000000000000,12.000000000000000,9.600000000000000,10.900000000000000,3 boles at 20cm,,,"80","100",f006,"0","0"
SJER,San Joaquin,SJER4,257229.700000000011642,4109758.799999999813735,QUWI2,Quercus wislizeni,"1570",center,8.699999999999999,171.199999999999989,11.800000000000001,130.000000000000000,"0",0.000000000000000,5.400000000000000,3.700000000000000,2.900000000000000,1569-1576 same copice.stem grows along ground.,,,"100","100",f058,"0","0"
SJER,San Joaquin,SJER824,256170.399999999994179,4110045.200000000186265,QUWI2,Quercus wislizeni,"1404",center,15.400000000000000,261.500000000000000,22.300000000000001,10.000000000000000,"0",0.000000000000000,6.900000000000000,5.400000000000000,6.700000000000000,same as 1400,,,"100","100",,"0","0"
SJER,San Joaquin,SJER192,256690.000000000000000,4111067.799999999813735,QUWI2,Quercus wislizeni,"1518",center,7.400000000000000,117.400000000000006,11.600000000000000,120.000000000000000,"0",0.000000000000000,4.500000000000000,4.300000000000000,3.700000000000000,1517-1522 same copice,,,"100","100",,"0","0"
SJER,San Joaquin,SJER824,256171.399999999994179,4110057.500000000000000,QUWI2,Quercus wislizeni,"1421",NW,4.900000000000000,266.199999999999989,18.899999999999999,10.000000000000000,"0",0.000000000000000,5.200000000000000,2.300000000000000,5.600000000000000,1419-1424 same copice,,,"100","100",,"0","0"
SJER,San Joaquin,SJER824,256171.299999999988358,4110057.799999999813735,QUWI2,Quercus wislizeni,"1422",NW,5.000000000000000,271.500000000000000,15.300000000000001,10.000000000000000,"0",0.000000000000000,5.000000000000000,3.700000000000000,6.700000000000000,1419-1424 same copice,,,"85","100",,"0","0"
SJER,San Joaquin,SJER824,256196.100000000005821,4110051.799999999813735,QUWI2,Quercus wislizeni,"1410",center,11.300000000000001,68.700000000000003,26.899999999999999,10.000000000000000,"0",0.000000000000000,9.900000000000000,6.100000000000000,7.700000000000000,same as 1406,,,"100","100",,"0","0"
SJER,San Joaquin,SJER4,257247.100000000005821,4109769.500000000000000,QUWI2,Quercus wislizeni,"1579",NE,11.300000000000001,129.199999999999989,18.300000000000001,115.000000000000000,"0",0.000000000000000,4.500000000000000,4.200000000000000,4.400000000000000,1577- 1579 same copice. low stem horiz,,,"100","100",f057,"0","0"
SJER,San Joaquin,SJER824,256176.399999999994179,4110049.500000000000000,QUWI2,Quercus wislizeni,"1387",center,9.400000000000000,282.199999999999989,9.000000000000000,10.000000000000000,"0",0.000000000000000,2.300000000000000,1.900000000000000,2.200000000000000,,grazed not very healthy,,"100","100",,"0","0"
SJER,San Joaquin,SJER116,256834.000000000000000,4110838.500000000000000,QUWI2,Quercus wislizeni,"1553",center,19.199999999999999,345.500000000000000,39.399999999999999,5.000000000000000,"0",0.000000000000000,6.400000000000000,5.600000000000000,6.400000000000000,1552-1553 same copice. this stem splits into 2 boles at 10cm.,"oozing sap; from woodpeckers?",,"100","100",f012,"0","0"
SJER,San Joaquin,SJER824,256170.899999999994179,4110045.799999999813735,QUWI2,Quercus wislizeni,"1401",center,14.800000000000001,262.500000000000000,8.800000000000001,10.000000000000000,"0",0.000000000000000,3.700000000000000,3.300000000000000,1.500000000000000,same as f1400,,,"40","100",,"0","0"
SJER,San Joaquin,SJER120,255951.299999999988358,4110457.799999999813735,QUWI2,Quercus wislizeni,"1649",SW,11.199999999999999,217.599999999999994,42.100000000000001,10.000000000000000,"0",0.000000000000000,12.000000000000000,10.100000000000000,8.800000000000001,2 boles at 39cm,,,"100","100",,"0","0"
SJER,San Joaquin,SJER192,256679.600000000005821,4111055.799999999813735,QUWI2,Quercus wislizeni,"1528",SE,14.199999999999999,249.000000000000000,18.699999999999999,130.000000000000000,"0",0.000000000000000,7.400000000000000,6.100000000000000,4.300000000000000,1527-1530 same copice,,,"100","100",,"0","0"
SJER,San Joaquin,SJER192,256680.600000000005821,4111055.799999999813735,QUWI2,Quercus wislizeni,"1529",SE,13.300000000000001,247.199999999999989,52.600000000000001,5.000000000000000,"0",0.000000000000000,10.900000000000000,9.400000000000000,8.100000000000000,1527-1530 same copice. 2 boles at 20cm,,,"100","100",f018,"0","0"
SJER,San Joaquin,SJER112,257423.799999999988358,4111298.500000000000000,QUWI2,Quercus wislizeni,"1508",center,16.800000000000001,91.099999999999994,41.500000000000000,1.000000000000000,"0",0.000000000000000,7.200000000000000,8.000000000000000,6.800000000000000,2 boles at 20cm,,,"90","100",f039,"0","0"
SJER,San Joaquin,SJER192,256697.299999999988358,4111066.799999999813735,QUWI2,Quercus wislizeni,"1531",center,14.500000000000000,107.400000000000006,57.100000000000001,5.000000000000000,"0",0.000000000000000,10.800000000000001,10.800000000000001,7.300000000000000,4 stem copice at 20cm.,,,"100","100",f014,"0","0"
SJER,San Joaquin,SJER824,256180.100000000005821,4110051.500000000000000,QUWI2,Quercus wislizeni,"1390",center,6.800000000000000,306.199999999999989,6.400000000000000,10.000000000000000,"0",0.000000000000000,3.500000000000000,2.600000000000000,2.400000000000000,see 1389,,,"100","100",,"0","0"
SJER,San Joaquin,SJER824,256180.799999999988358,4110047.000000000000000,QUWI2,Quercus wislizeni,"1419",center,4.800000000000000,262.300000000000011,16.500000000000000,10.000000000000000,"0",0.000000000000000,6.100000000000000,3.300000000000000,4.300000000000000,"1419-1424 same roots; copice. 2 boles at 40cm",,,"100","100",f046,"0","0"
SJER,San Joaquin,SJER4,257230.399999999994179,4109760.799999999813735,QUWI2,Quercus wislizeni,"1575",center,6.800000000000000,162.599999999999994,35.500000000000000,20.000000000000000,"0",0.000000000000000,7.400000000000000,5.400000000000000,7.900000000000000,1569-1576 same copice. 2 boles at 40cm,,,"100","100",f058,"0","0"
SJER,San Joaquin,SJER824,256170.700000000011642,4110057.500000000000000,QUWI2,Quercus wislizeni,"1423",NW,5.600000000000000,266.600000000000023,,130.000000000000000,"0",0.000000000000000,4.100000000000000,2.300000000000000,7.400000000000000,1419-1424 same copice,,,"75","100",,"0","0"
SJER,San Joaquin,SJER824,256196.299999999988358,4110051.500000000000000,QUWI2,Quercus wislizeni,"1411",center,11.400000000000000,70.700000000000003,39.500000000000000,10.000000000000000,"0",0.000000000000000,9.699999999999999,6.900000000000000,5.200000000000000,same as 1406,,,"100","100",,"0","0"
SJER,San Joaquin,SJER2796,256051.600000000005821,4111548.200000000186265,QUWI2,Quercus wislizeni,"1621",NE,8.400000000000000,55.299999999999997,26.300000000000001,8.000000000000000,"0",0.000000000000000,7.200000000000000,5.900000000000000,4.900000000000000,2 boles at 16cm,,,"100","100",,"0","0"
SJER,San Joaquin,SJER952,255868.000000000000000,4110775.799999999813735,QUWI2,Quercus wislizeni,"1708",NE,15.100000000000000,297.300000000000011,27.600000000000001,1.000000000000000,"0",0.000000000000000,4.400000000000000,4.400000000000000,5.700000000000000,1707-1710 same copice. 2 boles at 5cm.,,,"100","100",,"0","0"
SJER,San Joaquin,SJER824,256196.299999999988358,4110050.500000000000000,QUWI2,Quercus wislizeni,"1412",center,11.100000000000000,74.400000000000006,18.300000000000001,10.000000000000000,"0",0.000000000000000,6.300000000000000,4.300000000000000,3.000000000000000,same as 1406,,,"75","100",,"0","0"
SJER,San Joaquin,SJER120,255975.600000000005821,4110495.200000000186265,QUWI2,Quercus wislizeni,"1650",center,20.500000000000000,20.600000000000001,32.899999999999999,40.000000000000000,"0",0.000000000000000,9.199999999999999,8.500000000000000,6.400000000000000,"14cm stem 10 cm below where ""dbh"" measured. cant get around b/c whole tree was growing into rock on high side. main stem splits into 2(3) boles @ 60cm",,,"100","100",,"0","0"
SJER,San Joaquin,SJER824,256197.200000000011642,4110052.000000000000000,QUWI2,Quercus wislizeni,"1413",center,12.400000000000000,69.200000000000003,19.100000000000001,10.000000000000000,"0",0.000000000000000,5.600000000000000,5.500000000000000,5.000000000000000,same as 1406,,,"100","100",,"0","0"
SJER,San Joaquin,SJER2796,256028.500000000000000,4111545.799999999813735,QUWI2,Quercus wislizeni,"1624",center,13.199999999999999,333.300000000000011,12.000000000000000,130.000000000000000,"0",0.000000000000000,6.100000000000000,5.200000000000000,4.800000000000000,1263-1264 same copice,,,"100","100",,"0","0"
SJER,San Joaquin,SJER192,256690.200000000011642,4111068.000000000000000,QUWI2,Quercus wislizeni,"1519",center,7.500000000000000,115.000000000000000,11.800000000000001,40.000000000000000,"0",0.000000000000000,4.200000000000000,2.700000000000000,4.500000000000000,1517-1522 same copice. forks (1 broken) at 60,,,"100","100",,"0","0"
SJER,San Joaquin,SJER4,257229.299999999988358,4109761.500000000000000,QUWI2,Quercus wislizeni,"1573",center,5.800000000000000,170.900000000000006,39.100000000000001,10.000000000000000,"0",0.000000000000000,10.100000000000000,7.500000000000000,7.500000000000000,1569-1576 same copice. 3 boles at 20cm,,,"90","100",f058,"0","0"
SJER,San Joaquin,SJER192,256699.700000000011642,4111080.000000000000000,QUWI2,Quercus wislizeni,"1533",NE,7.500000000000000,95.000000000000000,22.699999999999999,5.000000000000000,"0",0.000000000000000,5.400000000000000,5.400000000000000,4.800000000000000,2 stems at 20cm,,,"100","100",,"0","0"
SJER,San Joaquin,SJER824,256180.799999999988358,4110051.000000000000000,QUWI2,Quercus wislizeni,"1394",center,5.900000000000000,305.000000000000000,15.699999999999999,10.000000000000000,"0",0.000000000000000,1.200000000000000,1.100000000000000,1.200000000000000,same as 1389,main stem dead,,"30","100",,"0","0"
SJER,San Joaquin,SJER116,256853.600000000005821,4110828.500000000000000,QUWI2,Quercus wislizeni,"1548",center,17.199999999999999,59.600000000000001,101.099999999999994,2.000000000000000,"0",0.000000000000000,15.100000000000000,14.100000000000000,9.500000000000000,9 stem copice at 5 cm,,,"100","100",f009,"0","0"
SJER,San Joaquin,SJER192,256692.700000000011642,4111080.500000000000000,QUWI2,Quercus wislizeni,"1524",center,13.100000000000000,45.000000000000000,75.500000000000000,10.000000000000000,"0",0.000000000000000,15.300000000000001,12.300000000000001,8.000000000000000,3 boles at 20cm,,,"95","100",,"0","0"
SJER,San Joaquin,SJER192,256679.799999999988358,4111056.000000000000000,QUWI2,Quercus wislizeni,"1527",SE,14.000000000000000,250.000000000000000,51.299999999999997,5.000000000000000,"0",0.000000000000000,10.600000000000000,10.199999999999999,9.199999999999999,1527-1530 same copice. 2 boles at 20cm. total crown= 14.1x14.4,,,"100","100",f018,"0","0"
SJER,San Joaquin,SJER4,257245.000000000000000,4109768.000000000000000,QUWI2,Quercus wislizeni,"1577",center,16.699999999999999,87.700000000000003,110.900000000000006,10.000000000000000,"0",0.000000000000000,10.900000000000000,8.300000000000001,6.800000000000000,1577-1578 same copice. 10 stem copice at 10cm. total crown=13.7x11.9,,,"100","100",f057,"0","0"
SJER,San Joaquin,SJER916,257444.899999999994179,4109625.500000000000000,QUWI2,Quercus wislizeni,"1567",center,17.899999999999999,299.500000000000000,16.300000000000001,80.000000000000000,"0",0.000000000000000,4.600000000000000,4.500000000000000,4.300000000000000,2 boles at 1m,,,"100","100",,"0","0"
SJER,San Joaquin,SJER192,256681.200000000011642,4111087.200000000186265,QUWI2,Quercus wislizeni,"1536",center,16.399999999999999,352.000000000000000,39.700000000000003,130.000000000000000,"0",0.000000000000000,12.900000000000000,9.699999999999999,3.600000000000000,1535-1537 same copice. leaner horiz to ground,,,"40","100",f016,"0","0"
SJER,San Joaquin,SJER192,256671.899999999994179,4111070.500000000000000,QUWI2,Quercus wislizeni,"1526",center,11.600000000000000,266.699999999999989,36.000000000000000,65.000000000000000,"0",0.000000000000000,11.500000000000000,9.300000000000001,11.100000000000000,3 boles at 90cm,,,"100","100",f017,"0","0"
SJER,San Joaquin,SJER4,257229.000000000000000,4109760.000000000000000,QUWI2,Quercus wislizeni,"1571",center,7.400000000000000,174.500000000000000,15.900000000000000,10.000000000000000,"0",0.000000000000000,4.400000000000000,2.000000000000000,2.700000000000000,1569 -1576 same copice. 2 boles at 20cm,,,"60","100",f058,"0","0"
SJER,San Joaquin,SJER4,257242.399999999994179,4109773.500000000000000,QUWI2,Quercus wislizeni,"1581",NE,5.200000000000000,127.500000000000000,21.600000000000001,100.000000000000000,"0",0.000000000000000,7.100000000000000,8.199999999999999,5.800000000000000,2 boles at 120cm,,,"100","100",f056,"0","0"
SJER,San Joaquin,SJER824,256179.500000000000000,4110051.799999999813735,QUWI2,Quercus wislizeni,"1391",center,7.400000000000000,304.899999999999977,8.699999999999999,10.000000000000000,"0",0.000000000000000,3.300000000000000,3.000000000000000,1.700000000000000,same as 1389,,,"100","100",,"0","0"
SJER,San Joaquin,SJER4,257228.299999999988358,4109758.200000000186265,QUWI2,Quercus wislizeni,"1572",center,9.100000000000000,180.400000000000006,17.100000000000001,130.000000000000000,"0",0.000000000000000,6.500000000000000,4.400000000000000,3.500000000000000,1569 -1576 same copice. lower stem horiz.,,,"100","100",f058,"0","0"
SJER,San Joaquin,SJER824,256165.899999999994179,4110067.500000000000000,QUWI2,Quercus wislizeni,"1418",NW,14.199999999999999,312.800000000000011,9.900000000000000,10.000000000000000,"0",0.000000000000000,3.700000000000000,3.200000000000000,3.300000000000000,same root as 1417,,,"80","100",,"0","0"
SJER,San Joaquin,SJER192,256667.600000000005821,4111075.500000000000000,QUWI2,Quercus wislizeni,"1538",NW,8.400000000000000,227.400000000000006,81.400000000000006,30.000000000000000,"0",0.000000000000000,21.500000000000000,17.500000000000000,13.699999999999999,"3 boles at 1m; knobby down to 30cm",,,"85","100",,"0","0"
SJER,San Joaquin,SJER192,256681.700000000011642,4111086.799999999813735,QUWI2,Quercus wislizeni,"1535",center,15.699999999999999,353.600000000000023,57.299999999999997,75.000000000000000,"0",0.000000000000000,20.100000000000001,12.600000000000000,10.300000000000001,1535-1537=3 bole copice split at 35 cm. stem knobby above 75cm. total crown 20.6x18.2,,,"100","100",f016,"0","0"
SJER,San Joaquin,SJER916,257480.399999999994179,4109615.200000000186265,QUWI2,Quercus wislizeni,"1564",NE,15.000000000000000,137.800000000000011,13.100000000000000,130.000000000000000,"0",0.000000000000000,5.800000000000000,4.200000000000000,4.800000000000000,1564-1565 same copice,,,"100","100",,"0","0"
SJER,San Joaquin,SJER2796,256028.600000000005821,4111545.000000000000000,QUWI2,Quercus wislizeni,"1623",center,12.500000000000000,332.600000000000023,46.799999999999997,1.000000000000000,"0",0.000000000000000,9.600000000000000,8.600000000000000,6.100000000000000,1623-1624 same copice. 3 boles at 5cm,holy sh#t almost stepped on a rattler,,"100","100",,"0","0"
SJER,San Joaquin,SJER192,256695.100000000005821,4111077.000000000000000,QUWI2,Quercus wislizeni,"1532",center,13.100000000000000,62.500000000000000,96.700000000000003,10.000000000000000,"0",0.000000000000000,15.300000000000001,10.600000000000000,9.600000000000000,5 stem copice at 20-80cm,,,"100","100",f015,"0","0"
SJER,San Joaquin,SJER824,256169.200000000011642,4110067.000000000000000,QUWI2,Quercus wislizeni,"1416",NW,11.699999999999999,322.699999999999989,22.100000000000001,0.000000000000000,"0",0.000000000000000,3.900000000000000,3.900000000000000,7.300000000000000,2 stems at 10cm,,,"90","100",,"1","0"
SJER,San Joaquin,SJER824,256166.000000000000000,4110067.200000000186265,QUWI2,Quercus wislizeni,"1417",NW,14.000000000000000,312.800000000000011,31.600000000000001,0.000000000000000,"0",0.000000000000000,6.800000000000000,4.400000000000000,8.100000000000000,"2 boles at 5cm; same root as 1418",,,"100","100",,"1","0"
SJER,San Joaquin,SJER192,256690.899999999994179,4111068.500000000000000,QUWI2,Quercus wislizeni,"1521",center,7.900000000000000,108.500000000000000,17.399999999999999,130.000000000000000,"0",0.000000000000000,4.200000000000000,5.600000000000000,6.900000000000000,1517 -1522 same copice,,,"100","100",,"0","0"
SJER,San Joaquin,SJER192,256688.500000000000000,4111068.000000000000000,QUWI2,Quercus wislizeni,"1523",center,5.900000000000000,120.599999999999994,11.699999999999999,1.000000000000000,"0",0.000000000000000,2.400000000000000,1.900000000000000,1.000000000000000,"1517 - 1523 same copice. dead stem; along ground for 1m",dead w 2 small sprouts,,"2","100",,"0","0"
SJER,San Joaquin,SJER192,256682.500000000000000,4111086.799999999813735,QUWI2,Quercus wislizeni,"1537",center,15.699999999999999,356.500000000000000,19.899999999999999,75.000000000000000,"0",0.000000000000000,14.699999999999999,9.300000000000001,6.700000000000000,1535-1537 same copice. 2 boles at 95cm. leaner horiz to ground,,,"100","100",f016,"0","0"
SJER,San Joaquin,SJER4,257226.200000000011642,4109764.000000000000000,QUWI2,Quercus wislizeni,"1568",center,4.000000000000000,213.099999999999994,71.400000000000006,15.000000000000000,"0",0.000000000000000,11.600000000000000,9.600000000000000,8.900000000000000,2 boles at 30cm,old many main stems rotted and broken,,"60","100",f059,"0","0"
SJER,San Joaquin,SJER824,256180.500000000000000,4110051.799999999813735,QUWI2,Quercus wislizeni,"1392",center,6.500000000000000,308.699999999999989,12.699999999999999,10.000000000000000,"0",0.000000000000000,4.200000000000000,3.900000000000000,3.400000000000000,"see 1389; main stem of this clump",,,"100","100",f043,"0","0"
SJER,San Joaquin,SJER192,256690.799999999988358,4111068.000000000000000,QUWI2,Quercus wislizeni,"1522",center,8.000000000000000,112.599999999999994,13.300000000000001,130.000000000000000,"0",0.000000000000000,5.100000000000000,4.900000000000000,5.500000000000000,1517 -1522 same copice,,,"100","100",,"0","0"
SJER,San Joaquin,SJER4,257229.500000000000000,4109759.200000000186265,QUWI2,Quercus wislizeni,"1569",center,8.100000000000000,171.400000000000006,24.600000000000001,40.000000000000000,"0",0.000000000000000,6.200000000000000,5.500000000000000,5.500000000000000,"1569-1576 same copice; old rotted and wonky. stem splits at 60cm",,,"100","100",f058,"0","0"
SJER,San Joaquin,SJER192,256690.000000000000000,4111067.200000000186265,QUWI2,Quercus wislizeni,"1517",center,7.600000000000000,120.000000000000000,24.300000000000001,40.000000000000000,"0",0.000000000000000,5.400000000000000,8.199999999999999,5.100000000000000,1517-1522 same copice. 2 boles at 60cm. leaner,,,"100","100",,"0","0"
SJER,San Joaquin,SJER2796,256043.200000000011642,4111528.500000000000000,QUWI2,Quercus wislizeni,"1615",center,10.300000000000001,120.799999999999997,7.500000000000000,7.000000000000000,"0",0.000000000000000,5.300000000000000,3.900000000000000,3.200000000000000,branches above 15. m/b connected below ground to 1616,,,"100","100",,"0","0"
SJER,San Joaquin,SJER116,256856.299999999988358,4110823.000000000000000,QUWI2,Quercus wislizeni,"1547",center,17.800000000000001,79.700000000000003,30.699999999999999,30.000000000000000,"0",0.000000000000000,10.699999999999999,7.100000000000000,8.199999999999999,"1546-1547 same copice. 2 boles at 60cm; branches and knobs above 30cm",,,"85","100",f010,"0","0"
SJER,San Joaquin,SJER192,256696.600000000005821,4111082.200000000186265,QUWI2,Quercus wislizeni,"1534",NE,4.600000000000000,69.700000000000003,20.600000000000001,20.000000000000000,"0",0.000000000000000,7.300000000000000,6.900000000000000,6.100000000000000,3 boles at 40cm,,,"100","100",,"0","0"
SJER,San Joaquin,SJER116,256841.000000000000000,4110805.200000000186265,QUWI2,Quercus wislizeni,"1545",center,14.699999999999999,171.300000000000011,57.700000000000003,2.000000000000000,"0",0.000000000000000,9.900000000000000,9.600000000000000,6.100000000000000,4 bole copice at 10cm,,,"100","100",,"0","0"
SJER,San Joaquin,SJER824,256171.600000000005821,4110057.500000000000000,QUWI2,Quercus wislizeni,"1420",NW,4.700000000000000,268.300000000000011,25.699999999999999,10.000000000000000,"0",0.000000000000000,5.100000000000000,4.800000000000000,7.800000000000000,1419-1424 same copice. 3 boles at 45cm,,,"100","100",,"0","0"
SJER,San Joaquin,SJER952,255868.399999999994179,4110775.200000000186265,QUWI2,Quercus wislizeni,"1710",NE,14.500000000000000,296.399999999999977,30.199999999999999,1.000000000000000,"0",0.000000000000000,5.600000000000000,3.800000000000000,6.400000000000000,1707-1710 same copice. 2 boles at 5cm.,,,"100","100",,"0","0"
SJER,San Joaquin,SJER952,255868.200000000011642,4110775.799999999813735,QUWI2,Quercus wislizeni,"1709",NE,14.900000000000000,297.699999999999989,27.600000000000001,1.000000000000000,"0",0.000000000000000,4.600000000000000,4.800000000000000,5.500000000000000,1707-1710 same copice. 2 boles at 5cm,,,"100","100",,"0","0"
SJER,San Joaquin,SJER916,257477.100000000005821,4109613.000000000000000,QUWI2,Quercus wislizeni,"1563",SE,9.600000000000000,46.799999999999997,148.800000000000011,5.000000000000000,"0",0.000000000000000,18.899999999999999,14.500000000000000,13.199999999999999,4 huge boles at 20cm-60cm. copice,,,"90","100",,"0","0"
SJER,San Joaquin,SJER1068,255850.299999999988358,4111571.799999999813735,QUWI2,Quercus wislizeni,"1644",center,4.500000000000000,332.300000000000011,15.900000000000000,65.000000000000000,"0",0.000000000000000,6.100000000000000,5.800000000000000,6.100000000000000,2 boles at 85cm,,,"100","100",,"0","0"
SJER,San Joaquin,SJER192,256689.899999999994179,4111068.500000000000000,QUWI2,Quercus wislizeni,"1520",center,7.000000000000000,112.799999999999997,24.699999999999999,30.000000000000000,"0",0.000000000000000,6.400000000000000,4.300000000000000,7.000000000000000,"1517 -1522 same copice. 2 boles at 80cm; branch obscuring stem above 30cm",,,"100","100",,"0","0"
SJER,San Joaquin,SJER824,256181.100000000005821,4110051.500000000000000,QUWI2,Quercus wislizeni,"1393",center,6.000000000000000,311.100000000000023,0.400000000000000,10.000000000000000,"0",0.000000000000000,3.400000000000000,3.200000000000000,1.700000000000000,same as 1389,main stem dead,,"40","100",,"0","0"
SJER,San Joaquin,SJER916,257479.500000000000000,4109615.799999999813735,QUWI2,Quercus wislizeni,"1565",NE,14.000000000000000,139.300000000000011,31.199999999999999,130.000000000000000,"0",0.000000000000000,0.000000000000000,0.000000000000000,3.400000000000000,1564-1565 same copice,"dead and rotted; top snapped",,"0","100",,"0","0"
SJER,San Joaquin,SJER192,256684.700000000011642,4111067.500000000000000,QUWI2,Quercus wislizeni,"1516",center,3.700000000000000,159.800000000000011,21.300000000000001,20.000000000000000,"0",0.000000000000000,6.900000000000000,6.900000000000000,6.200000000000000,"2 boles at 40cm; 3 at 70",,,"100","100",,"0","0"
SJER,San Joaquin,SJER128,257069.000000000000000,4111396.000000000000000,RHIL,Rhamnus ilicifolia,"1488",center,12.400000000000000,307.399999999999977,,130.000000000000000,"105",64.000000000000000,3.500000000000000,1.100000000000000,1.400000000000000,6 stems,long dead not many branches,Hemisphere,"0","100",,"0","0"
SJER,San Joaquin,SJER824,256171.500000000000000,4110046.799999999813735,RHIL,Rhamnus ilicifolia,"1397",center,14.100000000000000,266.500000000000000,8.100000000000000,0.000000000000000,"0",0.000000000000000,3.000000000000000,2.200000000000000,3.900000000000000,same as 1396,,Cone,"70","100",,"1","0"
SJER,San Joaquin,SJER128,257071.200000000011642,4111395.200000000186265,RHIL,Rhamnus ilicifolia,"1489",center,10.100000000000000,311.000000000000000,,130.000000000000000,"38",24.000000000000000,5.200000000000000,2.900000000000000,2.000000000000000,"3 stems;  1489-1491 prob same plant",,Hemisphere,"40","100",,"0","0"
SJER,San Joaquin,SJER1068,255836.500000000000000,4111572.000000000000000,RHIL,Rhamnus ilicifolia,"1648",NW,8.699999999999999,226.000000000000000,,130.000000000000000,"25",30.000000000000000,5.200000000000000,4.400000000000000,2.800000000000000,5 stems,,Hemisphere,"100","100",f080,"0","0"
SJER,San Joaquin,SJER128,257071.600000000005821,4111393.500000000000000,RHIL,Rhamnus ilicifolia,"1491",center,8.900000000000000,304.800000000000011,,130.000000000000000,"52",22.000000000000000,4.100000000000000,3.900000000000000,3.800000000000000,"4 stems; prob same plant",,Cone,"70","100",f054,"0","0"
SJER,San Joaquin,SJER824,256171.600000000005821,4110046.000000000000000,RHIL,Rhamnus ilicifolia,"1399",center,14.100000000000000,264.000000000000000,3.900000000000000,10.000000000000000,"0",0.000000000000000,2.000000000000000,2.000000000000000,3.300000000000000,same as 1396,,Cone,"65","100",,"0","0"
SJER,San Joaquin,SJER128,257070.600000000005821,4111394.200000000186265,RHIL,Rhamnus ilicifolia,"1490",center,10.000000000000000,304.600000000000023,,130.000000000000000,"70",27.000000000000000,3.300000000000000,2.100000000000000,1.200000000000000,"2 stems; 1489-1491 prob same plant",long dead,Cone,"0","100",,"0","0"
SJER,San Joaquin,SJER824,256171.500000000000000,4110046.200000000186265,RHIL,Rhamnus ilicifolia,"1398",center,14.100000000000000,264.600000000000023,7.600000000000000,10.000000000000000,"0",0.000000000000000,3.200000000000000,2.100000000000000,5.000000000000000,same as 1396,,Cone,"90","100",,"0","0"
SJER,San Joaquin,SJER116,256839.700000000011642,4110833.799999999813735,RHIL,Rhamnus ilicifolia,"1550",center,13.900000000000000,3.700000000000000,28.199999999999999,5.000000000000000,"0",0.000000000000000,7.100000000000000,6.000000000000000,3.700000000000000,6 stem copice at 10cm,,Hemisphere,"90","100",,"0","0"
SJER,San Joaquin,SJER128,257060.600000000005821,4111398.000000000000000,RHIL,Rhamnus ilicifolia,"1500",center,20.600000000000001,297.500000000000000,,130.000000000000000,"52",33.000000000000000,5.300000000000000,5.000000000000000,3.500000000000000,4 stems,,Sphere,"80","100",f052,"0","0"
SJER,San Joaquin,SJER1068,255834.399999999994179,4111560.799999999813735,RHIL,Rhamnus ilicifolia,"1642",SW,8.100000000000000,286.399999999999977,,130.000000000000000,"67",42.000000000000000,4.600000000000000,4.400000000000000,2.900000000000000,3 stems,,Hemisphere,"35","100",,"0","0"
SJER,San Joaquin,SJER1068,255848.399999999994179,4111561.000000000000000,RHIL,Rhamnus ilicifolia,"1631",center,7.800000000000000,210.699999999999989,18.699999999999999,10.000000000000000,"0",0.000000000000000,5.200000000000000,4.300000000000000,2.700000000000000,,,Hemisphere,"30","100",f075,"0","0"
SJER,San Joaquin,SJER1068,255847.200000000011642,4111565.500000000000000,RHIL,Rhamnus ilicifolia,"1630",center,5.700000000000000,246.400000000000006,,130.000000000000000,"68",16.000000000000000,3.600000000000000,2.600000000000000,3.400000000000000,2 stems,,Cone,"85","100",f084,"0","0"
SJER,San Joaquin,SJER128,257085.000000000000000,4111374.799999999813735,RHIL,Rhamnus ilicifolia,"1495",center,15.100000000000000,156.199999999999989,,130.000000000000000,"103",74.000000000000000,8.300000000000001,6.400000000000000,4.300000000000000,5 stems,,Hemisphere,"85","100",f053,"0","0"
SJER,San Joaquin,SJER824,256171.700000000011642,4110046.500000000000000,RHIL,Rhamnus ilicifolia,"1396",center,13.900000000000000,265.800000000000011,5.300000000000000,130.000000000000000,"0",0.000000000000000,1.600000000000000,1.500000000000000,3.200000000000000,same root as 1396-1399,,Cone,"65","100",,"0","0"
SJER,San Joaquin,SJER1068,255846.700000000011642,4111565.000000000000000,RHIL,Rhamnus ilicifolia,"1629",center,6.400000000000000,242.500000000000000,,130.000000000000000,"63",32.000000000000000,4.800000000000000,4.700000000000000,3.300000000000000,5 stems,,Hemisphere,"70","100",,"0","0"
SJER,San Joaquin,SJER1068,255846.000000000000000,4111565.200000000186265,RHIL,Rhamnus ilicifolia,"1628",center,6.900000000000000,248.500000000000000,,130.000000000000000,"39",14.000000000000000,4.100000000000000,3.900000000000000,3.100000000000000,4 stems,,Cone,"70","100",,"0","0"
SJER,San Joaquin,SJER1068,255842.600000000005821,4111567.500000000000000,RHIL,Rhamnus ilicifolia,"1643",center,9.800000000000001,268.000000000000000,19.100000000000001,1.000000000000000,"0",0.000000000000000,3.600000000000000,3.300000000000000,2.800000000000000,,,Cone,"80","100",f081,"0","0"
